{
  "timestamp": "2026-01-26T21:06:30.078362",
  "overall": {
    "total_problems": 48,
    "success_count": 48,
    "success_rate": 100.0,
    "total_time_seconds": 3678.684455871582,
    "avg_time_per_problem": 76.63925949732463
  },
  "by_level": {
    "s10-p1": {
      "total": 1,
      "success": 1,
      "success_rate": 100.0,
      "avg_time": 30.10713768005371
    },
    "s11-p1": {
      "total": 1,
      "success": 1,
      "success_rate": 100.0,
      "avg_time": 35.09864258766174
    },
    "s12-p1": {
      "total": 1,
      "success": 1,
      "success_rate": 100.0,
      "avg_time": 101.21737265586853
    },
    "s13-p1": {
      "total": 1,
      "success": 1,
      "success_rate": 100.0,
      "avg_time": 69.69554042816162
    },
    "s14-p1": {
      "total": 1,
      "success": 1,
      "success_rate": 100.0,
      "avg_time": 67.2479407787323
    },
    "s15-p1": {
      "total": 1,
      "success": 1,
      "success_rate": 100.0,
      "avg_time": 117.33887457847595
    },
    "s16-p1": {
      "total": 1,
      "success": 1,
      "success_rate": 100.0,
      "avg_time": 57.56508111953735
    },
    "s17-p1": {
      "total": 1,
      "success": 1,
      "success_rate": 100.0,
      "avg_time": 146.5838315486908
    },
    "s18-p1": {
      "total": 1,
      "success": 1,
      "success_rate": 100.0,
      "avg_time": 177.4745843410492
    },
    "s19-p1": {
      "total": 1,
      "success": 1,
      "success_rate": 100.0,
      "avg_time": 50.31869864463806
    },
    "s20-p1": {
      "total": 1,
      "success": 1,
      "success_rate": 100.0,
      "avg_time": 140.53111004829407
    },
    "s21-p1": {
      "total": 1,
      "success": 1,
      "success_rate": 100.0,
      "avg_time": 48.88876438140869
    },
    "s22-p1": {
      "total": 1,
      "success": 1,
      "success_rate": 100.0,
      "avg_time": 149.42540001869202
    },
    "s23-p1": {
      "total": 1,
      "success": 1,
      "success_rate": 100.0,
      "avg_time": 52.71969938278198
    },
    "s24-p1": {
      "total": 1,
      "success": 1,
      "success_rate": 100.0,
      "avg_time": 152.85379123687744
    },
    "s25-p1": {
      "total": 1,
      "success": 1,
      "success_rate": 100.0,
      "avg_time": 98.73074269294739
    },
    "s26-p1": {
      "total": 1,
      "success": 1,
      "success_rate": 100.0,
      "avg_time": 88.98801374435425
    },
    "s27-p1": {
      "total": 1,
      "success": 1,
      "success_rate": 100.0,
      "avg_time": 78.63848996162415
    },
    "s28-p1": {
      "total": 1,
      "success": 1,
      "success_rate": 100.0,
      "avg_time": 29.21696972846985
    },
    "s29-p1": {
      "total": 1,
      "success": 1,
      "success_rate": 100.0,
      "avg_time": 19.849823474884033
    },
    "s30-p1": {
      "total": 1,
      "success": 1,
      "success_rate": 100.0,
      "avg_time": 70.23053240776062
    },
    "s31-p1": {
      "total": 1,
      "success": 1,
      "success_rate": 100.0,
      "avg_time": 69.7763741016388
    },
    "s32-p1": {
      "total": 1,
      "success": 1,
      "success_rate": 100.0,
      "avg_time": 115.39327621459961
    },
    "s33-p1": {
      "total": 1,
      "success": 1,
      "success_rate": 100.0,
      "avg_time": 91.86129951477051
    },
    "s34-p1": {
      "total": 1,
      "success": 1,
      "success_rate": 100.0,
      "avg_time": 78.88233137130737
    },
    "s35-p1": {
      "total": 1,
      "success": 1,
      "success_rate": 100.0,
      "avg_time": 47.70286321640015
    },
    "s36-p1": {
      "total": 1,
      "success": 1,
      "success_rate": 100.0,
      "avg_time": 121.1037130355835
    },
    "s37-p1": {
      "total": 1,
      "success": 1,
      "success_rate": 100.0,
      "avg_time": 89.1660704612732
    },
    "s38-p1": {
      "total": 1,
      "success": 1,
      "success_rate": 100.0,
      "avg_time": 137.72329902648926
    },
    "s39-p1": {
      "total": 1,
      "success": 1,
      "success_rate": 100.0,
      "avg_time": 70.51896142959595
    },
    "s3-p1": {
      "total": 1,
      "success": 1,
      "success_rate": 100.0,
      "avg_time": 12.890009641647339
    },
    "s40-p1": {
      "total": 1,
      "success": 1,
      "success_rate": 100.0,
      "avg_time": 71.33348393440247
    },
    "s41-p1": {
      "total": 1,
      "success": 1,
      "success_rate": 100.0,
      "avg_time": 100.33359885215759
    },
    "s42-p1": {
      "total": 1,
      "success": 1,
      "success_rate": 100.0,
      "avg_time": 46.66972541809082
    },
    "s43-p1": {
      "total": 1,
      "success": 1,
      "success_rate": 100.0,
      "avg_time": 68.60355257987976
    },
    "s44-p1": {
      "total": 1,
      "success": 1,
      "success_rate": 100.0,
      "avg_time": 68.73394727706909
    },
    "s45-p1": {
      "total": 1,
      "success": 1,
      "success_rate": 100.0,
      "avg_time": 142.26515555381775
    },
    "s46-p1": {
      "total": 1,
      "success": 1,
      "success_rate": 100.0,
      "avg_time": 41.275599002838135
    },
    "s47-p1": {
      "total": 1,
      "success": 1,
      "success_rate": 100.0,
      "avg_time": 107.09120321273804
    },
    "s48-p1": {
      "total": 1,
      "success": 1,
      "success_rate": 100.0,
      "avg_time": 63.71586227416992
    },
    "s49-p1": {
      "total": 1,
      "success": 1,
      "success_rate": 100.0,
      "avg_time": 102.84312438964844
    },
    "s4-p1": {
      "total": 1,
      "success": 1,
      "success_rate": 100.0,
      "avg_time": 6.054969072341919
    },
    "s50-p1": {
      "total": 1,
      "success": 1,
      "success_rate": 100.0,
      "avg_time": 59.78814506530762
    },
    "s5-p1": {
      "total": 1,
      "success": 1,
      "success_rate": 100.0,
      "avg_time": 12.888665914535522
    },
    "s6-p1": {
      "total": 1,
      "success": 1,
      "success_rate": 100.0,
      "avg_time": 29.911409854888916
    },
    "s7-p1": {
      "total": 1,
      "success": 1,
      "success_rate": 100.0,
      "avg_time": 72.11675906181335
    },
    "s8-p1": {
      "total": 1,
      "success": 1,
      "success_rate": 100.0,
      "avg_time": 24.060752391815186
    },
    "s9-p1": {
      "total": 1,
      "success": 1,
      "success_rate": 100.0,
      "avg_time": 43.259262561798096
    }
  },
  "categories": {
    "success_plans": {
      "count": 48,
      "rate": 100.0
    },
    "plan_format_error": {
      "count": 0,
      "rate": 0.0
    },
    "precondition_violation": {
      "count": 0,
      "rate": 0.0
    },
    "safety_constraints_violation": {
      "count": 0,
      "rate": 0.0
    },
    "goal_not_satisfied": {
      "count": 0,
      "rate": 0.0
    }
  }
}