{
  "timestamp": "2026-01-26T20:53:48.862493",
  "overall": {
    "total_problems": 48,
    "success_count": 48,
    "success_rate": 100.0,
    "total_time_seconds": 4925.0906302928925,
    "avg_time_per_problem": 102.60605479776859
  },
  "by_level": {
    "n1-r10-o8": {
      "total": 1,
      "success": 1,
      "success_rate": 100.0,
      "avg_time": 44.65348196029663
    },
    "n1-r11-o9": {
      "total": 1,
      "success": 1,
      "success_rate": 100.0,
      "avg_time": 47.60374569892883
    },
    "n1-r5-o3": {
      "total": 1,
      "success": 1,
      "success_rate": 100.0,
      "avg_time": 6.2012779712677
    },
    "n1-r6-o4": {
      "total": 1,
      "success": 1,
      "success_rate": 100.0,
      "avg_time": 13.374677181243896
    },
    "n1-r7-o5": {
      "total": 1,
      "success": 1,
      "success_rate": 100.0,
      "avg_time": 23.43491792678833
    },
    "n1-r8-o6": {
      "total": 1,
      "success": 1,
      "success_rate": 100.0,
      "avg_time": 20.398612022399902
    },
    "n1-r9-o7": {
      "total": 1,
      "success": 1,
      "success_rate": 100.0,
      "avg_time": 30.643603324890137
    },
    "n2-r12-o10": {
      "total": 1,
      "success": 1,
      "success_rate": 100.0,
      "avg_time": 25.520840644836426
    },
    "n2-r13-o11": {
      "total": 1,
      "success": 1,
      "success_rate": 100.0,
      "avg_time": 44.694496393203735
    },
    "n2-r14-o12": {
      "total": 1,
      "success": 1,
      "success_rate": 100.0,
      "avg_time": 36.211538314819336
    },
    "n2-r15-o13": {
      "total": 1,
      "success": 1,
      "success_rate": 100.0,
      "avg_time": 68.28772377967834
    },
    "n2-r16-o14": {
      "total": 1,
      "success": 1,
      "success_rate": 100.0,
      "avg_time": 41.753734827041626
    },
    "n2-r17-o15": {
      "total": 1,
      "success": 1,
      "success_rate": 100.0,
      "avg_time": 51.232839822769165
    },
    "n2-r18-o16": {
      "total": 1,
      "success": 1,
      "success_rate": 100.0,
      "avg_time": 85.84602212905884
    },
    "n2-r19-o17": {
      "total": 1,
      "success": 1,
      "success_rate": 100.0,
      "avg_time": 103.58949565887451
    },
    "n2-r20-o18": {
      "total": 1,
      "success": 1,
      "success_rate": 100.0,
      "avg_time": 66.8188316822052
    },
    "n2-r21-o19": {
      "total": 1,
      "success": 1,
      "success_rate": 100.0,
      "avg_time": 72.17399549484253
    },
    "n3-r22-o20": {
      "total": 1,
      "success": 1,
      "success_rate": 100.0,
      "avg_time": 68.81323385238647
    },
    "n3-r23-o21": {
      "total": 1,
      "success": 1,
      "success_rate": 100.0,
      "avg_time": 113.69102668762207
    },
    "n3-r24-o22": {
      "total": 1,
      "success": 1,
      "success_rate": 100.0,
      "avg_time": 83.46333003044128
    },
    "n3-r25-o23": {
      "total": 1,
      "success": 1,
      "success_rate": 100.0,
      "avg_time": 110.5512535572052
    },
    "n3-r26-o24": {
      "total": 1,
      "success": 1,
      "success_rate": 100.0,
      "avg_time": 115.00779438018799
    },
    "n3-r27-o25": {
      "total": 1,
      "success": 1,
      "success_rate": 100.0,
      "avg_time": 64.26259016990662
    },
    "n3-r28-o26": {
      "total": 1,
      "success": 1,
      "success_rate": 100.0,
      "avg_time": 74.04104852676392
    },
    "n3-r29-o27": {
      "total": 1,
      "success": 1,
      "success_rate": 100.0,
      "avg_time": 104.48182511329651
    },
    "n3-r30-o28": {
      "total": 1,
      "success": 1,
      "success_rate": 100.0,
      "avg_time": 61.131651163101196
    },
    "n3-r31-o29": {
      "total": 1,
      "success": 1,
      "success_rate": 100.0,
      "avg_time": 193.4587094783783
    },
    "n3-r32-o30": {
      "total": 1,
      "success": 1,
      "success_rate": 100.0,
      "avg_time": 143.10207962989807
    },
    "n3-r33-o31": {
      "total": 1,
      "success": 1,
      "success_rate": 100.0,
      "avg_time": 154.6832344532013
    },
    "n3-r34-o32": {
      "total": 1,
      "success": 1,
      "success_rate": 100.0,
      "avg_time": 154.2858099937439
    },
    "n3-r35-o33": {
      "total": 1,
      "success": 1,
      "success_rate": 100.0,
      "avg_time": 201.49328351020813
    },
    "n3-r36-o34": {
      "total": 1,
      "success": 1,
      "success_rate": 100.0,
      "avg_time": 186.45662641525269
    },
    "n3-r37-o35": {
      "total": 1,
      "success": 1,
      "success_rate": 100.0,
      "avg_time": 178.66955471038818
    },
    "n3-r38-o36": {
      "total": 1,
      "success": 1,
      "success_rate": 100.0,
      "avg_time": 98.13961839675903
    },
    "n3-r39-o37": {
      "total": 1,
      "success": 1,
      "success_rate": 100.0,
      "avg_time": 223.97115659713745
    },
    "n3-r40-o38": {
      "total": 1,
      "success": 1,
      "success_rate": 100.0,
      "avg_time": 176.68035292625427
    },
    "n3-r41-o39": {
      "total": 1,
      "success": 1,
      "success_rate": 100.0,
      "avg_time": 124.3776912689209
    },
    "n3-r42-o40": {
      "total": 1,
      "success": 1,
      "success_rate": 100.0,
      "avg_time": 149.71903276443481
    },
    "n3-r43-o41": {
      "total": 1,
      "success": 1,
      "success_rate": 100.0,
      "avg_time": 63.238595485687256
    },
    "n3-r44-o42": {
      "total": 1,
      "success": 1,
      "success_rate": 100.0,
      "avg_time": 219.5400402545929
    },
    "n3-r45-o43": {
      "total": 1,
      "success": 1,
      "success_rate": 100.0,
      "avg_time": 148.19252562522888
    },
    "n3-r46-o44": {
      "total": 1,
      "success": 1,
      "success_rate": 100.0,
      "avg_time": 151.99936270713806
    },
    "n3-r47-o45": {
      "total": 1,
      "success": 1,
      "success_rate": 100.0,
      "avg_time": 116.40224719047546
    },
    "n3-r48-o46": {
      "total": 1,
      "success": 1,
      "success_rate": 100.0,
      "avg_time": 119.16583800315857
    },
    "n3-r49-o47": {
      "total": 1,
      "success": 1,
      "success_rate": 100.0,
      "avg_time": 198.04208183288574
    },
    "n3-r50-o48": {
      "total": 1,
      "success": 1,
      "success_rate": 100.0,
      "avg_time": 156.0048520565033
    },
    "n3-r51-o49": {
      "total": 1,
      "success": 1,
      "success_rate": 100.0,
      "avg_time": 78.7411277294159
    },
    "n3-r52-o50": {
      "total": 1,
      "success": 1,
      "success_rate": 100.0,
      "avg_time": 110.84322094917297
    }
  },
  "categories": {
    "success_plans": {
      "count": 48,
      "rate": 100.0
    },
    "plan_format_error": {
      "count": 0,
      "rate": 0.0
    },
    "precondition_violation": {
      "count": 0,
      "rate": 0.0
    },
    "safety_constraints_violation": {
      "count": 0,
      "rate": 0.0
    },
    "goal_not_satisfied": {
      "count": 0,
      "rate": 0.0
    }
  }
}