{
  "timestamp": "2026-01-26T20:28:06.869533",
  "overall": {
    "total_problems": 48,
    "success_count": 48,
    "success_rate": 100.0,
    "total_time_seconds": 2053.0501940250397,
    "avg_time_per_problem": 42.771879042188324
  },
  "by_level": {
    "l3-c2": {
      "total": 1,
      "success": 1,
      "success_rate": 100.0,
      "avg_time": 4.806184530258179
    },
    "l4-c3": {
      "total": 1,
      "success": 1,
      "success_rate": 100.0,
      "avg_time": 5.633886814117432
    },
    "l5-c3": {
      "total": 1,
      "success": 1,
      "success_rate": 100.0,
      "avg_time": 5.799372434616089
    },
    "l6-c4": {
      "total": 1,
      "success": 1,
      "success_rate": 100.0,
      "avg_time": 12.404567956924438
    },
    "l7-c4": {
      "total": 1,
      "success": 1,
      "success_rate": 100.0,
      "avg_time": 8.122486352920532
    },
    "l8-c5": {
      "total": 1,
      "success": 1,
      "success_rate": 100.0,
      "avg_time": 9.930929899215698
    },
    "l9-c5": {
      "total": 1,
      "success": 1,
      "success_rate": 100.0,
      "avg_time": 10.474483728408813
    },
    "l10-c6": {
      "total": 1,
      "success": 1,
      "success_rate": 100.0,
      "avg_time": 21.094969511032104
    },
    "l11-c6": {
      "total": 1,
      "success": 1,
      "success_rate": 100.0,
      "avg_time": 17.0129177570343
    },
    "l12-c7": {
      "total": 1,
      "success": 1,
      "success_rate": 100.0,
      "avg_time": 11.30980372428894
    },
    "l13-c7": {
      "total": 1,
      "success": 1,
      "success_rate": 100.0,
      "avg_time": 89.87478637695312
    },
    "l14-c8": {
      "total": 1,
      "success": 1,
      "success_rate": 100.0,
      "avg_time": 23.032253742218018
    },
    "l15-c8": {
      "total": 1,
      "success": 1,
      "success_rate": 100.0,
      "avg_time": 16.182016372680664
    },
    "l16-c9": {
      "total": 1,
      "success": 1,
      "success_rate": 100.0,
      "avg_time": 18.892542839050293
    },
    "l17-c9": {
      "total": 1,
      "success": 1,
      "success_rate": 100.0,
      "avg_time": 16.73928928375244
    },
    "l18-c10": {
      "total": 1,
      "success": 1,
      "success_rate": 100.0,
      "avg_time": 28.479783296585083
    },
    "l19-c10": {
      "total": 1,
      "success": 1,
      "success_rate": 100.0,
      "avg_time": 21.912711143493652
    },
    "l20-c11": {
      "total": 1,
      "success": 1,
      "success_rate": 100.0,
      "avg_time": 29.211689949035645
    },
    "l21-c11": {
      "total": 1,
      "success": 1,
      "success_rate": 100.0,
      "avg_time": 29.15465021133423
    },
    "l22-c12": {
      "total": 1,
      "success": 1,
      "success_rate": 100.0,
      "avg_time": 26.008816719055176
    },
    "l23-c12": {
      "total": 1,
      "success": 1,
      "success_rate": 100.0,
      "avg_time": 35.6910400390625
    },
    "l24-c13": {
      "total": 1,
      "success": 1,
      "success_rate": 100.0,
      "avg_time": 38.06987524032593
    },
    "l25-c13": {
      "total": 1,
      "success": 1,
      "success_rate": 100.0,
      "avg_time": 36.72983503341675
    },
    "l26-c14": {
      "total": 1,
      "success": 1,
      "success_rate": 100.0,
      "avg_time": 31.684425830841064
    },
    "l27-c14": {
      "total": 1,
      "success": 1,
      "success_rate": 100.0,
      "avg_time": 42.394352436065674
    },
    "l28-c15": {
      "total": 1,
      "success": 1,
      "success_rate": 100.0,
      "avg_time": 30.128308534622192
    },
    "l29-c15": {
      "total": 1,
      "success": 1,
      "success_rate": 100.0,
      "avg_time": 29.901039361953735
    },
    "l30-c16": {
      "total": 1,
      "success": 1,
      "success_rate": 100.0,
      "avg_time": 103.383376121521
    },
    "l31-c16": {
      "total": 1,
      "success": 1,
      "success_rate": 100.0,
      "avg_time": 30.253556966781616
    },
    "l32-c17": {
      "total": 1,
      "success": 1,
      "success_rate": 100.0,
      "avg_time": 67.27276968955994
    },
    "l33-c17": {
      "total": 1,
      "success": 1,
      "success_rate": 100.0,
      "avg_time": 72.87636303901672
    },
    "l34-c18": {
      "total": 1,
      "success": 1,
      "success_rate": 100.0,
      "avg_time": 35.79874563217163
    },
    "l35-c18": {
      "total": 1,
      "success": 1,
      "success_rate": 100.0,
      "avg_time": 58.73369574546814
    },
    "l36-c19": {
      "total": 1,
      "success": 1,
      "success_rate": 100.0,
      "avg_time": 40.4399995803833
    },
    "l37-c19": {
      "total": 1,
      "success": 1,
      "success_rate": 100.0,
      "avg_time": 65.1786880493164
    },
    "l38-c20": {
      "total": 1,
      "success": 1,
      "success_rate": 100.0,
      "avg_time": 67.15782046318054
    },
    "l39-c20": {
      "total": 1,
      "success": 1,
      "success_rate": 100.0,
      "avg_time": 50.578964948654175
    },
    "l40-c21": {
      "total": 1,
      "success": 1,
      "success_rate": 100.0,
      "avg_time": 97.1632661819458
    },
    "l41-c21": {
      "total": 1,
      "success": 1,
      "success_rate": 100.0,
      "avg_time": 63.52801513671875
    },
    "l42-c22": {
      "total": 1,
      "success": 1,
      "success_rate": 100.0,
      "avg_time": 66.9770495891571
    },
    "l43-c22": {
      "total": 1,
      "success": 1,
      "success_rate": 100.0,
      "avg_time": 48.23863506317139
    },
    "l44-c23": {
      "total": 1,
      "success": 1,
      "success_rate": 100.0,
      "avg_time": 80.19841933250427
    },
    "l45-c23": {
      "total": 1,
      "success": 1,
      "success_rate": 100.0,
      "avg_time": 54.243727684020996
    },
    "l46-c24": {
      "total": 1,
      "success": 1,
      "success_rate": 100.0,
      "avg_time": 45.456310510635376
    },
    "l47-c24": {
      "total": 1,
      "success": 1,
      "success_rate": 100.0,
      "avg_time": 102.19554615020752
    },
    "l48-c25": {
      "total": 1,
      "success": 1,
      "success_rate": 100.0,
      "avg_time": 105.31754779815674
    },
    "l49-c25": {
      "total": 1,
      "success": 1,
      "success_rate": 100.0,
      "avg_time": 62.58910417556763
    },
    "l50-c26": {
      "total": 1,
      "success": 1,
      "success_rate": 100.0,
      "avg_time": 84.79157304763794
    }
  },
  "categories": {
    "success_plans": {
      "count": 48,
      "rate": 100.0
    },
    "plan_format_error": {
      "count": 0,
      "rate": 0.0
    },
    "precondition_violation": {
      "count": 0,
      "rate": 0.0
    },
    "safety_constraints_violation": {
      "count": 0,
      "rate": 0.0
    },
    "goal_not_satisfied": {
      "count": 0,
      "rate": 0.0
    }
  }
}