{
  "timestamp": "2026-01-26T20:20:46.136446",
  "overall": {
    "total_problems": 48,
    "success_count": 48,
    "success_rate": 100.0,
    "total_time_seconds": 4912.438354730606,
    "avg_time_per_problem": 102.3424657235543
  },
  "by_level": {
    "ops3-n3": {
      "total": 1,
      "success": 1,
      "success_rate": 100.0,
      "avg_time": 4.04051661491394
    },
    "ops3-n4": {
      "total": 1,
      "success": 1,
      "success_rate": 100.0,
      "avg_time": 9.933875560760498
    },
    "ops3-n5": {
      "total": 1,
      "success": 1,
      "success_rate": 100.0,
      "avg_time": 12.174079895019531
    },
    "ops3-n6": {
      "total": 1,
      "success": 1,
      "success_rate": 100.0,
      "avg_time": 25.123406410217285
    },
    "ops3-n7": {
      "total": 1,
      "success": 1,
      "success_rate": 100.0,
      "avg_time": 34.564353227615356
    },
    "ops3-n8": {
      "total": 1,
      "success": 1,
      "success_rate": 100.0,
      "avg_time": 37.277520179748535
    },
    "ops3-n9": {
      "total": 1,
      "success": 1,
      "success_rate": 100.0,
      "avg_time": 51.17351984977722
    },
    "ops3-n10": {
      "total": 1,
      "success": 1,
      "success_rate": 100.0,
      "avg_time": 45.725544452667236
    },
    "ops3-n11": {
      "total": 1,
      "success": 1,
      "success_rate": 100.0,
      "avg_time": 52.472827196121216
    },
    "ops3-n12": {
      "total": 1,
      "success": 1,
      "success_rate": 100.0,
      "avg_time": 64.17485332489014
    },
    "ops3-n13": {
      "total": 1,
      "success": 1,
      "success_rate": 100.0,
      "avg_time": 84.48823928833008
    },
    "ops3-n14": {
      "total": 1,
      "success": 1,
      "success_rate": 100.0,
      "avg_time": 61.55425000190735
    },
    "ops3-n15": {
      "total": 1,
      "success": 1,
      "success_rate": 100.0,
      "avg_time": 110.87517285346985
    },
    "ops3-n16": {
      "total": 1,
      "success": 1,
      "success_rate": 100.0,
      "avg_time": 88.7030098438263
    },
    "ops3-n17": {
      "total": 1,
      "success": 1,
      "success_rate": 100.0,
      "avg_time": 79.11479592323303
    },
    "ops3-n18": {
      "total": 1,
      "success": 1,
      "success_rate": 100.0,
      "avg_time": 106.02205061912537
    },
    "ops3-n19": {
      "total": 1,
      "success": 1,
      "success_rate": 100.0,
      "avg_time": 91.52911901473999
    },
    "ops3-n20": {
      "total": 1,
      "success": 1,
      "success_rate": 100.0,
      "avg_time": 109.34904766082764
    },
    "ops3-n21": {
      "total": 1,
      "success": 1,
      "success_rate": 100.0,
      "avg_time": 131.34669876098633
    },
    "ops3-n22": {
      "total": 1,
      "success": 1,
      "success_rate": 100.0,
      "avg_time": 95.31604433059692
    },
    "ops3-n23": {
      "total": 1,
      "success": 1,
      "success_rate": 100.0,
      "avg_time": 105.35062789916992
    },
    "ops3-n24": {
      "total": 1,
      "success": 1,
      "success_rate": 100.0,
      "avg_time": 49.84632158279419
    },
    "ops3-n25": {
      "total": 1,
      "success": 1,
      "success_rate": 100.0,
      "avg_time": 95.28774356842041
    },
    "ops3-n26": {
      "total": 1,
      "success": 1,
      "success_rate": 100.0,
      "avg_time": 90.26057410240173
    },
    "ops3-n27": {
      "total": 1,
      "success": 1,
      "success_rate": 100.0,
      "avg_time": 113.74876260757446
    },
    "ops3-n28": {
      "total": 1,
      "success": 1,
      "success_rate": 100.0,
      "avg_time": 141.4413959980011
    },
    "ops3-n29": {
      "total": 1,
      "success": 1,
      "success_rate": 100.0,
      "avg_time": 168.66894054412842
    },
    "ops3-n30": {
      "total": 1,
      "success": 1,
      "success_rate": 100.0,
      "avg_time": 107.48248243331909
    },
    "ops3-n31": {
      "total": 1,
      "success": 1,
      "success_rate": 100.0,
      "avg_time": 122.95467233657837
    },
    "ops3-n32": {
      "total": 1,
      "success": 1,
      "success_rate": 100.0,
      "avg_time": 93.31498575210571
    },
    "ops3-n33": {
      "total": 1,
      "success": 1,
      "success_rate": 100.0,
      "avg_time": 91.50536918640137
    },
    "ops3-n34": {
      "total": 1,
      "success": 1,
      "success_rate": 100.0,
      "avg_time": 100.29142570495605
    },
    "ops3-n35": {
      "total": 1,
      "success": 1,
      "success_rate": 100.0,
      "avg_time": 141.33388662338257
    },
    "ops3-n36": {
      "total": 1,
      "success": 1,
      "success_rate": 100.0,
      "avg_time": 122.67551732063293
    },
    "ops3-n37": {
      "total": 1,
      "success": 1,
      "success_rate": 100.0,
      "avg_time": 230.41975140571594
    },
    "ops3-n38": {
      "total": 1,
      "success": 1,
      "success_rate": 100.0,
      "avg_time": 134.70627784729004
    },
    "ops3-n39": {
      "total": 1,
      "success": 1,
      "success_rate": 100.0,
      "avg_time": 152.7211878299713
    },
    "ops3-n40": {
      "total": 1,
      "success": 1,
      "success_rate": 100.0,
      "avg_time": 112.7385823726654
    },
    "ops3-n41": {
      "total": 1,
      "success": 1,
      "success_rate": 100.0,
      "avg_time": 146.1408176422119
    },
    "ops3-n42": {
      "total": 1,
      "success": 1,
      "success_rate": 100.0,
      "avg_time": 137.28695011138916
    },
    "ops3-n43": {
      "total": 1,
      "success": 1,
      "success_rate": 100.0,
      "avg_time": 144.28387832641602
    },
    "ops3-n44": {
      "total": 1,
      "success": 1,
      "success_rate": 100.0,
      "avg_time": 132.35469770431519
    },
    "ops3-n45": {
      "total": 1,
      "success": 1,
      "success_rate": 100.0,
      "avg_time": 133.6738166809082
    },
    "ops3-n46": {
      "total": 1,
      "success": 1,
      "success_rate": 100.0,
      "avg_time": 105.58137345314026
    },
    "ops3-n47": {
      "total": 1,
      "success": 1,
      "success_rate": 100.0,
      "avg_time": 180.51625061035156
    },
    "ops3-n48": {
      "total": 1,
      "success": 1,
      "success_rate": 100.0,
      "avg_time": 150.71972560882568
    },
    "ops3-n49": {
      "total": 1,
      "success": 1,
      "success_rate": 100.0,
      "avg_time": 126.32811260223389
    },
    "ops3-n50": {
      "total": 1,
      "success": 1,
      "success_rate": 100.0,
      "avg_time": 185.84530186653137
    }
  },
  "categories": {
    "success_plans": {
      "count": 48,
      "rate": 100.0
    },
    "plan_format_error": {
      "count": 0,
      "rate": 0.0
    },
    "precondition_violation": {
      "count": 0,
      "rate": 0.0
    },
    "safety_constraints_violation": {
      "count": 0,
      "rate": 0.0
    },
    "goal_not_satisfied": {
      "count": 0,
      "rate": 0.0
    }
  }
}