{
  "timestamp": "2026-01-26T20:36:23.594125",
  "overall": {
    "total_problems": 48,
    "success_count": 48,
    "success_rate": 100.0,
    "total_time_seconds": 2366.1643903255463,
    "avg_time_per_problem": 49.29509146511555
  },
  "by_level": {
    "s10-n9-l15": {
      "total": 1,
      "success": 1,
      "success_rate": 100.0,
      "avg_time": 19.33355951309204
    },
    "s11-n10-l16": {
      "total": 1,
      "success": 1,
      "success_rate": 100.0,
      "avg_time": 46.477222204208374
    },
    "s12-n11-l18": {
      "total": 1,
      "success": 1,
      "success_rate": 100.0,
      "avg_time": 18.841248035430908
    },
    "s13-n12-l19": {
      "total": 1,
      "success": 1,
      "success_rate": 100.0,
      "avg_time": 36.31852316856384
    },
    "s14-n13-l21": {
      "total": 1,
      "success": 1,
      "success_rate": 100.0,
      "avg_time": 26.335543870925903
    },
    "s15-n14-l22": {
      "total": 1,
      "success": 1,
      "success_rate": 100.0,
      "avg_time": 40.85172629356384
    },
    "s16-n15-l24": {
      "total": 1,
      "success": 1,
      "success_rate": 100.0,
      "avg_time": 42.95371341705322
    },
    "s17-n16-l25": {
      "total": 1,
      "success": 1,
      "success_rate": 100.0,
      "avg_time": 32.98354935646057
    },
    "s18-n17-l27": {
      "total": 1,
      "success": 1,
      "success_rate": 100.0,
      "avg_time": 46.58050036430359
    },
    "s19-n18-l28": {
      "total": 1,
      "success": 1,
      "success_rate": 100.0,
      "avg_time": 39.14565372467041
    },
    "s20-n19-l30": {
      "total": 1,
      "success": 1,
      "success_rate": 100.0,
      "avg_time": 40.30969524383545
    },
    "s21-n20-l31": {
      "total": 1,
      "success": 1,
      "success_rate": 100.0,
      "avg_time": 44.674129009246826
    },
    "s22-n21-l33": {
      "total": 1,
      "success": 1,
      "success_rate": 100.0,
      "avg_time": 43.07413077354431
    },
    "s23-n22-l34": {
      "total": 1,
      "success": 1,
      "success_rate": 100.0,
      "avg_time": 42.59731936454773
    },
    "s24-n23-l36": {
      "total": 1,
      "success": 1,
      "success_rate": 100.0,
      "avg_time": 51.713253021240234
    },
    "s25-n24-l37": {
      "total": 1,
      "success": 1,
      "success_rate": 100.0,
      "avg_time": 49.60537242889404
    },
    "s26-n25-l39": {
      "total": 1,
      "success": 1,
      "success_rate": 100.0,
      "avg_time": 43.3705415725708
    },
    "s27-n26-l40": {
      "total": 1,
      "success": 1,
      "success_rate": 100.0,
      "avg_time": 54.408146142959595
    },
    "s28-n27-l42": {
      "total": 1,
      "success": 1,
      "success_rate": 100.0,
      "avg_time": 61.776169776916504
    },
    "s29-n28-l43": {
      "total": 1,
      "success": 1,
      "success_rate": 100.0,
      "avg_time": 63.426982402801514
    },
    "s3-n2-l5": {
      "total": 1,
      "success": 1,
      "success_rate": 100.0,
      "avg_time": 14.452233791351318
    },
    "s30-n29-l45": {
      "total": 1,
      "success": 1,
      "success_rate": 100.0,
      "avg_time": 53.109450817108154
    },
    "s31-n30-l46": {
      "total": 1,
      "success": 1,
      "success_rate": 100.0,
      "avg_time": 68.09126615524292
    },
    "s32-n31-l48": {
      "total": 1,
      "success": 1,
      "success_rate": 100.0,
      "avg_time": 48.66434907913208
    },
    "s33-n32-l49": {
      "total": 1,
      "success": 1,
      "success_rate": 100.0,
      "avg_time": 66.05434012413025
    },
    "s34-n33-l51": {
      "total": 1,
      "success": 1,
      "success_rate": 100.0,
      "avg_time": 62.21659517288208
    },
    "s35-n34-l52": {
      "total": 1,
      "success": 1,
      "success_rate": 100.0,
      "avg_time": 63.09733009338379
    },
    "s36-n35-l54": {
      "total": 1,
      "success": 1,
      "success_rate": 100.0,
      "avg_time": 62.46364951133728
    },
    "s37-n36-l55": {
      "total": 1,
      "success": 1,
      "success_rate": 100.0,
      "avg_time": 55.9437301158905
    },
    "s38-n37-l57": {
      "total": 1,
      "success": 1,
      "success_rate": 100.0,
      "avg_time": 68.48640275001526
    },
    "s39-n38-l58": {
      "total": 1,
      "success": 1,
      "success_rate": 100.0,
      "avg_time": 85.95653057098389
    },
    "s4-n3-l6": {
      "total": 1,
      "success": 1,
      "success_rate": 100.0,
      "avg_time": 16.980470657348633
    },
    "s40-n39-l60": {
      "total": 1,
      "success": 1,
      "success_rate": 100.0,
      "avg_time": 74.75173282623291
    },
    "s41-n40-l61": {
      "total": 1,
      "success": 1,
      "success_rate": 100.0,
      "avg_time": 60.86596417427063
    },
    "s42-n41-l63": {
      "total": 1,
      "success": 1,
      "success_rate": 100.0,
      "avg_time": 70.2520227432251
    },
    "s43-n42-l64": {
      "total": 1,
      "success": 1,
      "success_rate": 100.0,
      "avg_time": 71.34648728370667
    },
    "s44-n43-l66": {
      "total": 1,
      "success": 1,
      "success_rate": 100.0,
      "avg_time": 65.95224928855896
    },
    "s45-n44-l67": {
      "total": 1,
      "success": 1,
      "success_rate": 100.0,
      "avg_time": 51.892871379852295
    },
    "s46-n45-l69": {
      "total": 1,
      "success": 1,
      "success_rate": 100.0,
      "avg_time": 61.107999324798584
    },
    "s47-n46-l70": {
      "total": 1,
      "success": 1,
      "success_rate": 100.0,
      "avg_time": 69.16309666633606
    },
    "s48-n47-l72": {
      "total": 1,
      "success": 1,
      "success_rate": 100.0,
      "avg_time": 66.7267837524414
    },
    "s49-n48-l73": {
      "total": 1,
      "success": 1,
      "success_rate": 100.0,
      "avg_time": 85.33218097686768
    },
    "s5-n4-l7": {
      "total": 1,
      "success": 1,
      "success_rate": 100.0,
      "avg_time": 15.55666971206665
    },
    "s50-n49-l75": {
      "total": 1,
      "success": 1,
      "success_rate": 100.0,
      "avg_time": 86.59936881065369
    },
    "s6-n5-l9": {
      "total": 1,
      "success": 1,
      "success_rate": 100.0,
      "avg_time": 18.710702896118164
    },
    "s7-n6-l10": {
      "total": 1,
      "success": 1,
      "success_rate": 100.0,
      "avg_time": 14.483289241790771
    },
    "s8-n7-l12": {
      "total": 1,
      "success": 1,
      "success_rate": 100.0,
      "avg_time": 21.10665273666382
    },
    "s9-n8-l13": {
      "total": 1,
      "success": 1,
      "success_rate": 100.0,
      "avg_time": 22.022989988327026
    }
  },
  "categories": {
    "success_plans": {
      "count": 48,
      "rate": 100.0
    },
    "plan_format_error": {
      "count": 0,
      "rate": 0.0
    },
    "precondition_violation": {
      "count": 0,
      "rate": 0.0
    },
    "safety_constraints_violation": {
      "count": 0,
      "rate": 0.0
    },
    "goal_not_satisfied": {
      "count": 0,
      "rate": 0.0
    }
  }
}