{
  "timestamp": "2026-01-26T21:48:48.327898",
  "overall": {
    "total_problems": 48,
    "success_count": 46,
    "success_rate": 95.83333333333334,
    "total_time_seconds": 10485.906576871872,
    "avg_time_per_problem": 218.456387018164
  },
  "by_level": {
    "x10-y10": {
      "total": 1,
      "success": 1,
      "success_rate": 100.0,
      "avg_time": 143.77487921714783
    },
    "x11-y11": {
      "total": 1,
      "success": 1,
      "success_rate": 100.0,
      "avg_time": 153.87250137329102
    },
    "x12-y12": {
      "total": 1,
      "success": 1,
      "success_rate": 100.0,
      "avg_time": 141.81457352638245
    },
    "x13-y13": {
      "total": 1,
      "success": 1,
      "success_rate": 100.0,
      "avg_time": 148.99698686599731
    },
    "x14-y14": {
      "total": 1,
      "success": 1,
      "success_rate": 100.0,
      "avg_time": 183.46373891830444
    },
    "x15-y15": {
      "total": 1,
      "success": 1,
      "success_rate": 100.0,
      "avg_time": 239.34325242042542
    },
    "x16-y16": {
      "total": 1,
      "success": 1,
      "success_rate": 100.0,
      "avg_time": 181.9118309020996
    },
    "x17-y17": {
      "total": 1,
      "success": 1,
      "success_rate": 100.0,
      "avg_time": 179.7277011871338
    },
    "x18-y18": {
      "total": 1,
      "success": 1,
      "success_rate": 100.0,
      "avg_time": 197.03239464759827
    },
    "x19-y19": {
      "total": 1,
      "success": 1,
      "success_rate": 100.0,
      "avg_time": 211.36044454574585
    },
    "x20-y20": {
      "total": 1,
      "success": 1,
      "success_rate": 100.0,
      "avg_time": 232.18956470489502
    },
    "x21-y21": {
      "total": 1,
      "success": 1,
      "success_rate": 100.0,
      "avg_time": 264.27629017829895
    },
    "x22-y22": {
      "total": 1,
      "success": 1,
      "success_rate": 100.0,
      "avg_time": 202.58434581756592
    },
    "x23-y23": {
      "total": 1,
      "success": 1,
      "success_rate": 100.0,
      "avg_time": 221.5560052394867
    },
    "x24-y24": {
      "total": 1,
      "success": 1,
      "success_rate": 100.0,
      "avg_time": 179.02784419059753
    },
    "x25-y25": {
      "total": 1,
      "success": 1,
      "success_rate": 100.0,
      "avg_time": 280.4934582710266
    },
    "x26-y26": {
      "total": 1,
      "success": 1,
      "success_rate": 100.0,
      "avg_time": 204.54584574699402
    },
    "x27-y27": {
      "total": 1,
      "success": 1,
      "success_rate": 100.0,
      "avg_time": 590.0863938331604
    },
    "x28-y28": {
      "total": 1,
      "success": 1,
      "success_rate": 100.0,
      "avg_time": 265.6418731212616
    },
    "x29-y29": {
      "total": 1,
      "success": 1,
      "success_rate": 100.0,
      "avg_time": 234.13753271102905
    },
    "x30-y30": {
      "total": 1,
      "success": 1,
      "success_rate": 100.0,
      "avg_time": 290.2389426231384
    },
    "x31-y31": {
      "total": 1,
      "success": 1,
      "success_rate": 100.0,
      "avg_time": 210.67497301101685
    },
    "x32-y32": {
      "total": 1,
      "success": 1,
      "success_rate": 100.0,
      "avg_time": 215.87894344329834
    },
    "x33-y33": {
      "total": 1,
      "success": 1,
      "success_rate": 100.0,
      "avg_time": 225.9707841873169
    },
    "x34-y34": {
      "total": 1,
      "success": 1,
      "success_rate": 100.0,
      "avg_time": 284.2584619522095
    },
    "x35-y35": {
      "total": 1,
      "success": 1,
      "success_rate": 100.0,
      "avg_time": 239.60974049568176
    },
    "x36-y36": {
      "total": 1,
      "success": 1,
      "success_rate": 100.0,
      "avg_time": 258.5046262741089
    },
    "x37-y37": {
      "total": 1,
      "success": 1,
      "success_rate": 100.0,
      "avg_time": 222.10399675369263
    },
    "x38-y38": {
      "total": 1,
      "success": 1,
      "success_rate": 100.0,
      "avg_time": 283.4493250846863
    },
    "x39-y39": {
      "total": 1,
      "success": 1,
      "success_rate": 100.0,
      "avg_time": 218.19955348968506
    },
    "x3-y3": {
      "total": 1,
      "success": 1,
      "success_rate": 100.0,
      "avg_time": 62.16361737251282
    },
    "x40-y40": {
      "total": 1,
      "success": 1,
      "success_rate": 100.0,
      "avg_time": 233.47571063041687
    },
    "x41-y41": {
      "total": 1,
      "success": 1,
      "success_rate": 100.0,
      "avg_time": 238.48336124420166
    },
    "x42-y42": {
      "total": 1,
      "success": 1,
      "success_rate": 100.0,
      "avg_time": 265.4697017669678
    },
    "x43-y43": {
      "total": 1,
      "success": 1,
      "success_rate": 100.0,
      "avg_time": 232.18553352355957
    },
    "x44-y44": {
      "total": 1,
      "success": 1,
      "success_rate": 100.0,
      "avg_time": 201.63162803649902
    },
    "x45-y45": {
      "total": 1,
      "success": 1,
      "success_rate": 100.0,
      "avg_time": 250.88881874084473
    },
    "x46-y46": {
      "total": 1,
      "success": 1,
      "success_rate": 100.0,
      "avg_time": 160.3929455280304
    },
    "x47-y47": {
      "total": 1,
      "success": 0,
      "success_rate": 0.0,
      "avg_time": 490.91888976097107
    },
    "x48-y48": {
      "total": 1,
      "success": 1,
      "success_rate": 100.0,
      "avg_time": 244.83911085128784
    },
    "x49-y49": {
      "total": 1,
      "success": 1,
      "success_rate": 100.0,
      "avg_time": 256.8019435405731
    },
    "x4-y4": {
      "total": 1,
      "success": 1,
      "success_rate": 100.0,
      "avg_time": 40.740519523620605
    },
    "x50-y50": {
      "total": 1,
      "success": 0,
      "success_rate": 0.0,
      "avg_time": 597.1179378032684
    },
    "x5-y5": {
      "total": 1,
      "success": 1,
      "success_rate": 100.0,
      "avg_time": 62.74466252326965
    },
    "x6-y6": {
      "total": 1,
      "success": 1,
      "success_rate": 100.0,
      "avg_time": 41.61211085319519
    },
    "x7-y7": {
      "total": 1,
      "success": 1,
      "success_rate": 100.0,
      "avg_time": 39.61091184616089
    },
    "x8-y8": {
      "total": 1,
      "success": 1,
      "success_rate": 100.0,
      "avg_time": 47.79636859893799
    },
    "x9-y9": {
      "total": 1,
      "success": 1,
      "success_rate": 100.0,
      "avg_time": 114.30599999427795
    }
  },
  "categories": {
    "success_plans": {
      "count": 46,
      "rate": 95.83333333333334
    },
    "plan_format_error": {
      "count": 0,
      "rate": 0.0
    },
    "precondition_violation": {
      "count": 2,
      "rate": 4.166666666666666
    },
    "safety_constraints_violation": {
      "count": 0,
      "rate": 0.0
    },
    "goal_not_satisfied": {
      "count": 0,
      "rate": 0.0
    }
  }
}